[{"pk": 1, "model": "shev.teamoragency", "fields": {"label": "The A Team"}}, {"pk": 2, "model": "shev.teamoragency", "fields": {"label": "The B Team"}}, {"pk": 3, "model": "shev.teamoragency", "fields": {"label": "Central Intelligence Agency"}}, {"pk": 4, "model": "shev.teamoragency", "fields": {"label": "Number 2 Agency"}}, {"pk": 1, "model": "shev.person", "fields": {"band": "7", "first_name": "Florence", "last_name": "Nightingale", "team_or_agency": 1}}, {"pk": 2, "model": "shev.person", "fields": {"band": "6", "first_name": "Gladys", "last_name": "Emmanuel", "team_or_agency": 4}}, {"pk": 3, "model": "shev.person", "fields": {"band": "7", "first_name": "Ann", "last_name": "Dunn", "team_or_agency": 1}}, {"pk": 4, "model": "shev.person", "fields": {"band": "6.5", "first_name": "Mike", "last_name": "Brown", "team_or_agency": 1}}, {"pk": 5, "model": "shev.person", "fields": {"band": "6", "first_name": "Brian", "last_name": "Smith", "team_or_agency": 1}}, {"pk": 6, "model": "shev.person", "fields": {"band": "6", "first_name": "Mary", "last_name": "Red", "team_or_agency": 2}}, {"pk": 7, "model": "shev.person", "fields": {"band": "5", "first_name": "Betty", "last_name": "Orange", "team_or_agency": 1}}, {"pk": 8, "model": "shev.person", "fields": {"band": "5", "first_name": "Julie", "last_name": "Green", "team_or_agency": 2}}, {"pk": 9, "model": "shev.person", "fields": {"band": "5", "first_name": "James", "last_name": "Brown", "team_or_agency": 1}}, {"pk": 10, "model": "shev.person", "fields": {"band": "6", "first_name": "Kylie", "last_name": "Mint", "team_or_agency": 3}}, {"pk": 11, "model": "shev.person", "fields": {"band": "4", "first_name": "Jim", "last_name": "Bugg", "team_or_agency": 4}}, {"pk": 1, "model": "shev.shifttype", "fields": {"hours": "11.5", "label": "Clinical Shift - LD"}}, {"pk": 2, "model": "shev.shifttype", "fields": {"hours": "7.5", "label": "Clinical Shift - Early"}}, {"pk": 3, "model": "shev.shifttype", "fields": {"hours": "7.5", "label": "Clinical Shift - Late"}}, {"pk": 4, "model": "shev.shifttype", "fields": {"hours": "11.5", "label": "Clinical Shift - N"}}, {"pk": 5, "model": "shev.shifttype", "fields": {"hours": "10.75", "label": "Clinical Shift - N Ag"}}, {"pk": 6, "model": "shev.shifttype", "fields": {"hours": "0", "label": "Annual Leave"}}, {"pk": 7, "model": "shev.shifttype", "fields": {"hours": "0", "label": "Emerg Annual Leave"}}, {"pk": 8, "model": "shev.shifttype", "fields": {"hours": "0", "label": "Study Leave"}}, {"pk": 9, "model": "shev.shifttype", "fields": {"hours": "0", "label": "Study Day (not leave)"}}, {"pk": 10, "model": "shev.shifttype", "fields": {"hours": "7.5", "label": "Management Time"}}, {"pk": 11, "model": "shev.shifttype", "fields": {"hours": "7.5", "label": "Band 7 Day"}}, {"pk": 12, "model": "shev.shifttype", "fields": {"hours": "0", "label": "Special Leave"}}, {"pk": 13, "model": "shev.shifttype", "fields": {"hours": "37.5", "label": "Mat. Leave"}}, {"pk": 14, "model": "shev.shifttype", "fields": {"hours": "0", "label": "Staff Meeting"}}, {"pk": 1, "model": "shev.outcome", "fields": {"label": "Unset"}}, {"pk": 2, "model": "shev.outcome", "fields": {"label": "Sick"}}, {"pk": 3, "model": "shev.outcome", "fields": {"label": "Cancelled"}}, {"pk": 4, "model": "shev.outcome", "fields": {"label": "Self-cancelled"}}, {"pk": 5, "model": "shev.outcome", "fields": {"label": "Absent"}}, {"pk": 6, "model": "shev.outcome", "fields": {"label": "?back"}}, {"pk": 7, "model": "shev.outcome", "fields": {"label": "Is Back"}}, {"pk": 1, "model": "shev.day", "fields": {"note": "", "day": "2014-03-31"}}, {"pk": 2, "model": "shev.day", "fields": {"note": "April fools day", "day": "2014-04-01"}}, {"pk": 3, "model": "shev.day", "fields": {"note": "Sample shifts ", "day": "2014-03-20"}}, {"pk": 1, "model": "shev.shift", "fields": {"assigned": "", "end": null, "start": null, "contract": "REGU", "note": "", "person": 1, "shift_type": 1, "outcome": 1, "day": 1}}, {"pk": 2, "model": "shev.shift", "fields": {"assigned": "", "end": null, "start": null, "contract": "REGU", "note": "", "person": 1, "shift_type": 3, "outcome": 1, "day": 2}}, {"pk": 3, "model": "shev.shift", "fields": {"assigned": "", "end": null, "start": null, "contract": "AGNC", "note": "", "person": 2, "shift_type": 3, "outcome": 1, "day": 2}}, {"pk": 4, "model": "shev.shift", "fields": {"assigned": "", "end": null, "start": null, "contract": "REGU", "note": "", "person": 3, "shift_type": 1, "outcome": 1, "day": 3}}, {"pk": 5, "model": "shev.shift", "fields": {"assigned": "", "end": null, "start": null, "contract": "REGU", "note": "", "person": 4, "shift_type": 1, "outcome": 1, "day": 3}}, {"pk": 6, "model": "shev.shift", "fields": {"assigned": "", "end": null, "start": null, "contract": "REGU", "note": "", "person": 5, "shift_type": 1, "outcome": 1, "day": 3}}, {"pk": 7, "model": "shev.shift", "fields": {"assigned": "", "end": null, "start": null, "contract": "REGU", "note": "", "person": 6, "shift_type": 1, "outcome": 1, "day": 3}}, {"pk": 8, "model": "shev.shift", "fields": {"assigned": "", "end": null, "start": null, "contract": "REGU", "note": "", "person": 7, "shift_type": 1, "outcome": 1, "day": 3}}, {"pk": 9, "model": "shev.shift", "fields": {"assigned": "", "end": null, "start": null, "contract": "REGU", "note": "", "person": 8, "shift_type": 2, "outcome": 1, "day": 3}}, {"pk": 10, "model": "shev.shift", "fields": {"assigned": "", "end": null, "start": null, "contract": "REGU", "note": "working with student", "person": 9, "shift_type": 3, "outcome": 1, "day": 3}}, {"pk": 11, "model": "shev.shift", "fields": {"assigned": "", "end": null, "start": null, "contract": "BANK", "note": "", "person": 10, "shift_type": 1, "outcome": 1, "day": 3}}, {"pk": 12, "model": "shev.shift", "fields": {"assigned": "", "end": null, "start": null, "contract": "AGNC", "note": "", "person": 11, "shift_type": 1, "outcome": 1, "day": 3}}]